<?xml version='1.0' encoding='UTF-8' ?>
<timeLogEntries>
  <time id="1" path="/ForniteLab/PSP0/Planning" start="@1537221698418" delta="82" interrupt="9" />
  <time id="2" path="/ForniteLab/PSP0/Design" start="@1537227207347" delta="1609" />
  <time id="3" path="/ForniteLab/PSP0/Compile" start="@1537323750997" delta="3" />
  <time id="4" path="/ForniteLab/PSP0/Compile" start="@1537323962581" delta="4" />
  <time id="5" path="/ForniteLab/PSP0/Compile" start="@1537324237584" delta="85" />
  <time id="6" path="/ForniteLab/PSP0/Code" start="@1537331028011" delta="15" />
  <time id="7" path="/ForniteLab/PSP0/Code" start="@1537392718866" delta="112" />
  <time id="8" path="/ForniteLab/PSP0/Code" start="@1537403553019" delta="20" />
  <time id="9" path="/ForniteLab/PSP0/Code" start="@1537414772996" delta="94" interrupt="18" />
  <time id="10" path="/ForniteLab/PSP0/Code" start="@1537424392083" delta="32" />
  <time id="11" path="/ForniteLab/PSP0/Code" start="@1537491748625" delta="48" />
  <time id="12" path="/ForniteLab/PSP0/Code" start="@1537496313369" delta="27" />
  <time id="13" path="/ForniteLab/PSP0/Code" start="@1537498577537" delta="112" />
  <time id="14" path="/Lab3AED/PlanningError/Design" start="@1540252885297" delta="24" />
  <time id="15" path="/Lab3AED/PlanningError/Design" start="@1540255959802" delta="337" />
  <time id="16" path="/Lab3AED/PlanningError/Design" start="@1540337507076" delta="18" />
  <time id="17" path="/Lab3AED/Planning" start="@1540339673450" delta="7" />
  <time id="18" path="/Non Project/PSP for Engineers/Program 1/Planning" start="@1540361218564" delta="4" />
</timeLogEntries>
